question_id,provider,mode,human_accuracy_0_2,human_grounding_0_2,human_safety_0_2,reviewer_notes
C01,local,dense,,,,
C01,local,graph,,,,
C01,local,hybrid,,,,
C01,openrouter,dense,,,,
C01,openrouter,graph,,,,
C01,openrouter,hybrid,,,,
C02,local,dense,,,,
C02,local,graph,,,,
C02,local,hybrid,,,,
C02,openrouter,dense,,,,
C02,openrouter,graph,,,,
C02,openrouter,hybrid,,,,
C03,local,dense,,,,
C03,local,graph,,,,
C03,local,hybrid,,,,
C03,openrouter,dense,,,,
C03,openrouter,graph,,,,
C03,openrouter,hybrid,,,,
C04,local,dense,,,,
C04,local,graph,,,,
C04,local,hybrid,,,,
C04,openrouter,dense,,,,
C04,openrouter,graph,,,,
C04,openrouter,hybrid,,,,
C05,local,dense,,,,
C05,local,graph,,,,
C05,local,hybrid,,,,
C05,openrouter,dense,,,,
C05,openrouter,graph,,,,
C05,openrouter,hybrid,,,,
C06,local,dense,,,,
C06,local,graph,,,,
C06,local,hybrid,,,,
C06,openrouter,dense,,,,
C06,openrouter,graph,,,,
C06,openrouter,hybrid,,,,
C07,local,dense,,,,
C07,local,graph,,,,
C07,local,hybrid,,,,
C07,openrouter,dense,,,,
C07,openrouter,graph,,,,
C07,openrouter,hybrid,,,,
C08,local,dense,,,,
C08,local,graph,,,,
C08,local,hybrid,,,,
C08,openrouter,dense,,,,
C08,openrouter,graph,,,,
C08,openrouter,hybrid,,,,
C09,local,dense,,,,
C09,local,graph,,,,
C09,local,hybrid,,,,
C09,openrouter,dense,,,,
C09,openrouter,graph,,,,
C09,openrouter,hybrid,,,,
C10,local,dense,,,,
C10,local,graph,,,,
C10,local,hybrid,,,,
C10,openrouter,dense,,,,
C10,openrouter,graph,,,,
C10,openrouter,hybrid,,,,
P01,local,dense,,,,
P01,local,graph,,,,
P01,local,hybrid,,,,
P01,openrouter,dense,,,,
P01,openrouter,graph,,,,
P01,openrouter,hybrid,,,,
P02,local,dense,,,,
P02,local,graph,,,,
P02,local,hybrid,,,,
P02,openrouter,dense,,,,
P02,openrouter,graph,,,,
P02,openrouter,hybrid,,,,
P03,local,dense,,,,
P03,local,graph,,,,
P03,local,hybrid,,,,
P03,openrouter,dense,,,,
P03,openrouter,graph,,,,
P03,openrouter,hybrid,,,,
P04,local,dense,,,,
P04,local,graph,,,,
P04,local,hybrid,,,,
P04,openrouter,dense,,,,
P04,openrouter,graph,,,,
P04,openrouter,hybrid,,,,
P05,local,dense,,,,
P05,local,graph,,,,
P05,local,hybrid,,,,
P05,openrouter,dense,,,,
P05,openrouter,graph,,,,
P05,openrouter,hybrid,,,,
R01,local,dense,,,,
R01,local,graph,,,,
R01,local,hybrid,,,,
R01,openrouter,dense,,,,
R01,openrouter,graph,,,,
R01,openrouter,hybrid,,,,
R02,local,dense,,,,
R02,local,graph,,,,
R02,local,hybrid,,,,
R02,openrouter,dense,,,,
R02,openrouter,graph,,,,
R02,openrouter,hybrid,,,,
R03,local,dense,,,,
R03,local,graph,,,,
R03,local,hybrid,,,,
R03,openrouter,dense,,,,
R03,openrouter,graph,,,,
R03,openrouter,hybrid,,,,
R04,local,dense,,,,
R04,local,graph,,,,
R04,local,hybrid,,,,
R04,openrouter,dense,,,,
R04,openrouter,graph,,,,
R04,openrouter,hybrid,,,,
R05,local,dense,,,,
R05,local,graph,,,,
R05,local,hybrid,,,,
R05,openrouter,dense,,,,
R05,openrouter,graph,,,,
R05,openrouter,hybrid,,,,
